{"openapi":"3.1.0","info":{"title":"FastAPI","version":"0.1.0"},"paths":{"/register":{"post":{"summary":"Register","operationId":"register_register_post","requestBody":{"content":{"application/json":{"schema":{"$ref":"#/components/schemas/UserCreate"}}},"required":true},"responses":{"200":{"description":"Successful Response","content":{"application/json":{"schema":{"$ref":"#/components/schemas/Token"}}}},"422":{"description":"Validation Error","content":{"application/json":{"schema":{"$ref":"#/components/schemas/HTTPValidationError"}}}}}}},"/token":{"post":{"summary":"Login","operationId":"login_token_post","requestBody":{"content":{"application/x-www-form-urlencoded":{"schema":{"$ref":"#/components/schemas/Body_login_token_post"}}},"required":true},"responses":{"200":{"description":"Successful Response","content":{"application/json":{"schema":{"$ref":"#/components/schemas/Token"}}}},"422":{"description":"Validation Error","content":{"application/json":{"schema":{"$ref":"#/components/schemas/HTTPValidationError"}}}}}}},"/data":{"get":{"summary":"Read Data","operationId":"read_data_data_get","responses":{"200":{"description":"Successful Response","content":{"application/json":{"schema":{"items":{"$ref":"#/components/schemas/SensitiveDataOut"},"type":"array","title":"Response Read Data Data Get"}}}}},"security":[{"OAuth2PasswordBearer":[]}]},"post":{"summary":"Add Data","operationId":"add_data_data_post","requestBody":{"content":{"application/json":{"schema":{"$ref":"#/components/schemas/SensitiveDataIn"}}},"required":true},"responses":{"200":{"description":"Successful Response","content":{"application/json":{"schema":{"$ref":"#/components/schemas/SensitiveDataOut"}}}},"422":{"description":"Validation Error","content":{"application/json":{"schema":{"$ref":"#/components/schemas/HTTPValidationError"}}}}},"security":[{"OAuth2PasswordBearer":[]}]}}},"components":{"schemas":{"Body_login_token_post":{"properties":{"grant_type":{"anyOf":[{"type":"string","pattern":"^password$"},{"type":"null"}],"title":"Grant Type"},"username":{"type":"string","title":"Username"},"password":{"type":"string","title":"Password"},"scope":{"type":"string","title":"Scope","default":""},"client_id":{"anyOf":[{"type":"string"},{"type":"null"}],"title":"Client Id"},"client_secret":{"anyOf":[{"type":"string"},{"type":"null"}],"title":"Client Secret"}},"type":"object","required":["username","password"],"title":"Body_login_token_post"},"HTTPValidationError":{"properties":{"detail":{"items":{"$ref":"#/components/schemas/ValidationError"},"type":"array","title":"Detail"}},"type":"object","title":"HTTPValidationError"},"SensitiveDataIn":{"properties":{"description":{"anyOf":[{"type":"string"},{"type":"null"}],"title":"Description"},"plaintext":{"type":"string","title":"Plaintext"}},"type":"object","required":["description","plaintext"],"title":"SensitiveDataIn"},"SensitiveDataOut":{"properties":{"description":{"anyOf":[{"type":"string"},{"type":"null"}],"title":"Description"},"plaintext":{"type":"string","title":"Plaintext"}},"type":"object","required":["description","plaintext"],"title":"SensitiveDataOut"},"Token":{"properties":{"access_token":{"type":"string","title":"Access Token"},"token_type":{"type":"string","title":"Token Type"}},"type":"object","required":["access_token","token_type"],"title":"Token"},"UserCreate":{"properties":{"username":{"type":"string","title":"Username"},"password":{"type":"string","title":"Password"}},"type":"object","required":["username","password"],"title":"UserCreate"},"ValidationError":{"properties":{"loc":{"items":{"anyOf":[{"type":"string"},{"type":"integer"}]},"type":"array","title":"Location"},"msg":{"type":"string","title":"Message"},"type":{"type":"string","title":"Error Type"}},"type":"object","required":["loc","msg","type"],"title":"ValidationError"}},"securitySchemes":{"OAuth2PasswordBearer":{"type":"oauth2","flows":{"password":{"scopes":{},"tokenUrl":"token"}}}}}}
